Date,Numbers
09/07/2024,08 11 16 22 26
09/06/2024,06 20 25 35 40
09/05/2024,02 08 09 13 42
09/04/2024,03 22 29 31 45
09/03/2024,12 30 32 33 42
09/02/2024,12 14 18 22 37
09/01/2024,01 05 17 20 36
08/31/2024,12 16 19 20 25
08/30/2024,28 33 36 38 39
08/29/2024,02 05 16 21 39
08/28/2024,06 10 12 36 45
08/27/2024,07 15 37 38 45
08/26/2024,12 19 25 29 37
08/25/2024,01 04 15 41 42
08/24/2024,20 25 30 31 43
08/23/2024,05 08 19 29 42
08/22/2024,06 10 15 31 42
08/21/2024,04 18 19 23 39
08/20/2024,04 12 15 25 41
08/19/2024,01 05 06 20 38
08/18/2024,05 24 25 30 33
08/17/2024,01 19 24 31 33
08/16/2024,01 22 23 25 44
08/15/2024,04 22 23 29 31
08/14/2024,07 10 18 23 25
08/13/2024,06 07 38 41 42
08/12/2024,01 10 15 18 43
08/11/2024,02 32 34 40 45
08/10/2024,11 14 15 28 31
08/09/2024,05 13 18 34 35
08/08/2024,10 11 13 23 36
08/07/2024,03 17 26 27 41
08/06/2024,06 11 24 27 43
08/05/2024,07 14 20 29 42
08/04/2024,13 20 25 35 44
08/03/2024,13 14 15 23 39
08/02/2024,14 31 35 42 44
08/01/2024,01 32 37 41 42
07/31/2024,07 22 23 26 35
07/30/2024,07 10 17 25 45
07/29/2024,04 15 18 25 37
07/28/2024,04 07 08 14 44
07/27/2024,05 21 30 39 43
07/26/2024,02 22 30 32 42
07/25/2024,04 11 23 27 40
07/24/2024,07 14 20 26 45
07/23/2024,03 04 05 13 37
07/22/2024,08 14 31 38 40
07/21/2024,04 07 34 36 45
07/20/2024,17 29 31 34 40
07/19/2024,01 08 23 40 45
07/18/2024,23 24 26 34 42
07/17/2024,06 09 10 16 43
07/16/2024,19 22 24 42 45
07/15/2024,02 04 12 13 17
07/14/2024,18 20 21 24 26
07/13/2024,04 15 30 34 41
07/12/2024,02 22 23 31 41
07/11/2024,04 06 17 22 42
07/10/2024,09 30 39 41 45
07/09/2024,19 28 29 30 40
07/08/2024,02 16 31 33 41
07/07/2024,01 12 13 25 37
07/06/2024,14 15 22 24 29
07/05/2024,09 19 21 38 40
07/04/2024,03 04 06 14 24
07/03/2024,28 29 33 40 45
07/02/2024,01 03 22 35 43
07/01/2024,07 09 16 27 31